iter	RMSE
0	1.431524613
1	1.394284989
2	1.360735811
3	1.329432452
4	1.308510313
5	1.281473137
6	1.256673015
7	1.239743124
8	1.223743679
9	1.208598547
10	1.193982291
11	1.179300711
12	1.168663059
13	1.151343291
14	1.139635789
15	1.128534491
16	1.11813917
17	1.107767072
18	1.098598419
19	1.093169883
20	1.08382731
21	1.075686323
22	1.067680264
23	1.060508807
24	1.053599042
25	1.047167878
26	1.040814385
27	1.035076244
28	1.029596024
29	1.023857628
30	1.01892323
31	1.014368064
32	1.007734324
33	1.005422861
34	1.000618245
35	0.9948920165
36	0.9913989684
37	0.9881141412
38	0.9850613118
39	0.9821316734
40	0.979365666
41	0.976682044
42	0.9728011771
43	0.9705630798
44	0.9683763148
45	0.9678320567
46	0.9655727628
47	0.9631566143
48	0.961386736
49	0.9587299148
50	0.9570414615
51	0.9555239567
52	0.9540987703
53	0.9523344856
54	0.9510676476
55	0.9502392587
56	0.9487165863
57	0.9473804265
58	0.9467922392
59	0.9457421133
60	0.9453065903
61	0.944955126
62	0.943967117
63	0.9427445551
64	0.9421676545
65	0.9412663228
66	0.9410261624
67	0.940304155
68	0.9398215297
69	0.9393829046
70	0.9388761599
71	0.9385426476
72	0.9375964698
73	0.9364653789
74	0.9358690728
75	0.9351500165
76	0.9341373584
77	0.9330660224
78	0.9327205812
79	0.9321762104
80	0.9316050532
81	0.9309828617
82	0.930592849
83	0.9304768942
84	0.9300005646
85	0.9296741737
86	0.9295091532
87	0.9290264782
88	0.9286627011
89	0.9282319809
90	0.9280375147
91	0.9272192171
92	0.9269114816
93	0.9267175587
94	0.9264273948
95	0.9261466877
96	0.9256693159
97	0.9253037127
98	0.9251504646
99	0.9249366004
100	0.9245663601
101	0.9241280933
102	0.9221559494
103	0.9218171403
104	0.921588004
105	0.9212414973
106	0.9207612392
107	0.9206138903
108	0.9202582568
109	0.918479369
110	0.9183330717
111	0.9180068535
112	0.9178894684
113	0.9175664375
114	0.9171681733
115	0.9168348459
116	0.9165014608
117	0.9161317951
118	0.9160132443
119	0.915772582
120	0.9154950091
121	0.915186772
122	0.9149164268
123	0.9145737639
124	0.9144330656
125	0.9141523226
126	0.9139850466
127	0.9137356466
128	0.9135049392
129	0.9132559089
130	0.9131062025
131	0.9128590013
132	0.9123809045
133	0.912160291
134	0.9118867985
135	0.9102913553
136	0.9100500487
137	0.9083852625
138	0.9079794417
139	0.9076002769
140	0.9074276796
141	0.9070826631
142	0.9069297165
143	0.9066153717
144	0.9064206659
145	0.9061699391
146	0.9060081625
147	0.9044013679
148	0.904119507
149	0.9039467775
150	0.9038079444
151	0.9036446799
152	0.9035296797
153	0.9032719754
154	0.9031637291
155	0.9029954928
156	0.9027236198
157	0.9025999059
158	0.9022601777
159	0.9020404382
160	0.9019129425
161	0.9017655041
162	0.9010933541
163	0.900968654
164	0.9007335579
165	0.9006085463
166	0.9005013664
167	0.9003483015
168	0.9001947704
169	0.9000492208
170	0.8998220769
171	0.8997028219
172	0.8995488474
173	0.8994339037
174	0.8992218507
175	0.8991386988
176	0.8990240478
177	0.8975908074
178	0.8974688228
179	0.8973549557
180	0.8972734336
181	0.8972012782
182	0.8971277196
183	0.8970301016
184	0.896828828
185	0.8966725063
186	0.8964586667
187	0.8963900227
188	0.8962758043
189	0.8961095717
190	0.8959638067
191	0.8958848385
192	0.8958189613
193	0.8957576261
194	0.895598743
195	0.895526842
196	0.8954370735
197	0.8953245961
198	0.8952215362
199	0.895159098
200	0.8950458293
201	0.8949970824
202	0.894915673
203	0.8948278256
204	0.8947184777
205	0.8946483766
206	0.8945827455
207	0.8943988996
208	0.8943324307
209	0.8942073721
210	0.8940031475
211	0.8939239327
212	0.8938698271
213	0.893790788
214	0.8937053963
215	0.8936479428
216	0.8935709769
217	0.8934541027
218	0.8933772276
219	0.8933287887
220	0.8932952511
221	0.8931736069
222	0.8930489816
223	0.8929941757
224	0.892887207
225	0.8927906132
226	0.8926832488
227	0.8925761686
228	0.8924128075
229	0.8922999442
230	0.8922583668
231	0.892161154
232	0.8921126227
233	0.8920529102
234	0.8908170447
235	0.8907446529
236	0.8906854307
237	0.8905959644
238	0.8905280216
239	0.8903510318
240	0.8903015223
241	0.8902475411
242	0.8901929006
243	0.8901082997
244	0.8900338246
245	0.8899777468
246	0.8899453406
247	0.8898941635
248	0.8898337212
249	0.8897464793
250	0.8897155844
251	0.8896292719
252	0.8895544785
253	0.8895017625
254	0.8894121961
255	0.889343112
256	0.8892944421
257	0.8892207544
258	0.8891512346
259	0.8889917209
260	0.888922213
261	0.8888575606
262	0.8887883879
263	0.8887424854
264	0.8886222592
265	0.8885913821
266	0.8885389947
267	0.8884818135
268	0.888462696
269	0.8883581232
270	0.8882981507
271	0.8882599831
272	0.8881256004
273	0.888045023
274	0.8879991794
275	0.8868170663
276	0.8867627805
277	0.8867118314
278	0.8866639987
279	0.8855733614
280	0.885503241
281	0.8854582206
282	0.8854003784
283	0.8853604238
284	0.8853086198
285	0.8851590639
286	0.8850973744
287	0.8849591374
288	0.884842459
289	0.8848048971
290	0.8847187733
291	0.8846614311
292	0.8845930529
293	0.8845744339
294	0.8845306701
295	0.884115211
296	0.8840952371
297	0.8840065241
298	0.8839420969
299	0.8838457744
300	0.8837751577
301	0.8837197635
302	0.8832841826
303	0.8832486276
304	0.8831954269
305	0.8830449335
306	0.883029652
307	0.8829527602
308	0.8829186919
309	0.8829005816
310	0.8828705398
311	0.8827700497
312	0.8827208461
313	0.8826671942
314	0.8825681885
315	0.8825105002
316	0.882497113
317	0.8824475162
318	0.8824181268
319	0.8823570732
320	0.8822212586
321	0.8821246931
322	0.8821113393
323	0.882063109
324	0.8819860755
325	0.8818583655
326	0.8818079713
327	0.8817735459
328	0.8817460612
329	0.8816811697
330	0.8816000087
331	0.8815866122
332	0.8815319655
333	0.8814840135
334	0.8813841418
335	0.8812486431
336	0.8811784273
337	0.8811378035
338	0.8810791097
339	0.8810379645
340	0.8810261475
341	0.8809620914
342	0.8808559686
343	0.8808110592
344	0.8807011143
345	0.8803692916
346	0.8803401897
347	0.8802979953
348	0.8802448184
349	0.8802337342
350	0.8792441896
351	0.8792148149
352	0.8791872296
353	0.8791241002
354	0.879075173
355	0.8790492657
356	0.878125915
357	0.8781123505
358	0.8780959052
359	0.8780561614
360	0.8780119586
361	0.8779756335
362	0.8779624029
363	0.8779314442
364	0.8778781754
365	0.8770113739
366	0.8769832087
367	0.8769568324
368	0.8769320939
369	0.8767684737
370	0.8767452557
371	0.8767038825
372	0.876664725
373	0.8766329097
374	0.8765786948
375	0.8765304756
376	0.8764748724
377	0.8756669661
378	0.8756280989
379	0.8755713029
380	0.8755081233
381	0.8754718846
382	0.8754101667
383	0.8753809647
384	0.8753273692
385	0.8753016073
386	0.8752538375
387	0.8752059012
388	0.8751934595
389	0.8751299634
390	0.8750975074
391	0.8750546782
392	0.8750257874
393	0.8749896675
394	0.8748602243
395	0.8748480468
396	0.8740890688
397	0.8740761458
398	0.8740423686
399	0.8740140968
400	0.8739812704
401	0.873945195
402	0.8739072562
403	0.8738770596
404	0.8737719949
405	0.8736873053
406	0.8736577667
407	0.8729447756
408	0.8729250443
409	0.8728764788
410	0.8728637147
411	0.8728296724
412	0.8728181124
413	0.8726889961
414	0.8726320246
415	0.8726082
416	0.8725510597
417	0.8725256467
418	0.8718653729
419	0.8717699428
420	0.8717413407
421	0.8716715795
422	0.8715738924
423	0.8715282923
424	0.871498793
425	0.8714796345
426	0.870846892
427	0.8708362467
428	0.8708313663
429	0.8707946453
430	0.8707637069
431	0.8707094406
432	0.8706729831
433	0.8706287954
434	0.8704883674
435	0.8704819638
436	0.8704619818
437	0.869868556
438	0.869840429
439	0.8697499221
440	0.8697263971
441	0.8695940416
442	0.8695701977
443	0.8695550114
444	0.8694904956
445	0.8694634739
446	0.8694455968
447	0.8688901864
448	0.8688653266
449	0.8688430077
450	0.8688056971
451	0.8687778647
452	0.8686353769
453	0.86853766
454	0.8685045565
455	0.8684913569
456	0.8684228001
457	0.8683935871
458	0.8683529737
459	0.8683322708
460	0.868314921
461	0.8682762009
462	0.868189726
463	0.8681517529
464	0.8681411668
465	0.868109643
466	0.8680765698
467	0.8680411084
468	0.8679238873
469	0.8679053484
470	0.8678260321
471	0.8677526964
472	0.8677373111
473	0.8677202024
474	0.8676880061
475	0.8675834698
476	0.8674717954
477	0.8674429386
478	0.8674201391
479	0.8674030179
480	0.8673490534
481	0.8673313314
482	0.8673220026
483	0.8673020479
484	0.8672769964
485	0.8667668789
486	0.8662821652
487	0.8662623106
488	0.8662342557
489	0.8662168305
490	0.8661818801
491	0.8661262859
492	0.866049684
493	0.8659885181
494	0.8659697578
495	0.8659512394
496	0.8659377388
497	0.8658940364
498	0.8658636583
499	0.8658509215
500	0.8658280472
501	0.865765036
502	0.8657386996
503	0.8656207721
504	0.8655900922
505	0.8655703268
506	0.8655327358
507	0.8654950142
508	0.865365592
509	0.8653143972
510	0.8653042294
511	0.8652762315
512	0.865258396
513	0.8652274079
514	0.8651906393
515	0.8651277056
516	0.8650967704
517	0.8649945183
518	0.8648249702
519	0.864713753
520	0.8645629834
521	0.864539755
522	0.8640806112
523	0.8640632938
524	0.8640480435
525	0.8640338219
526	0.8640252613
527	0.8639911943
528	0.8639344905
529	0.8639110898
530	0.863877443
531	0.8638698964
532	0.8638374459
533	0.8638040175
534	0.8637306999
535	0.8635534996
536	0.8635092504
537	0.8634668011
538	0.8634515781
539	0.8633344556
540	0.86324903
541	0.8631362749
542	0.8630782461
543	0.8630644202
544	0.8630094167
545	0.862964993
546	0.8628628254
547	0.8628353862
548	0.8628020862
549	0.8627240197
550	0.8627006873
551	0.8626339436
552	0.8625838191
553	0.8625472143
554	0.8625059987
555	0.8623236313
556	0.862234161
557	0.8622145356
558	0.8621478041
559	0.8617355802
560	0.8617209858
561	0.8617068141
562	0.8616960989
563	0.8616842454
564	0.8616644494
565	0.8616104814
566	0.8615542061
567	0.8614026684
568	0.8613680955
569	0.8613310115
570	0.8613065312
571	0.8612601635
572	0.8612336299
573	0.8612225192
574	0.8611889377
575	0.8611322353
576	0.8610858995
577	0.86107251
578	0.8610463451
579	0.8609813434
580	0.8609754633
581	0.8609462682
582	0.8609285066
583	0.8608841166
584	0.860863206
585	0.8608252946
586	0.8608001211
587	0.8607160076
588	0.8607121267
589	0.8606987202
590	0.8606787065
591	0.8606736516
592	0.8602849498
593	0.86026216
594	0.8600966951
595	0.8600765721
596	0.8600708782
597	0.8600597362
598	0.8600502913
599	0.8599587964
600	0.8598603686
601	0.8598433575
602	0.8598388901
603	0.8597923551
604	0.8597740779
605	0.8594112167
606	0.8593994814
607	0.85938194
608	0.8593088891
609	0.8592671236
610	0.8592524478
611	0.8592313772
612	0.8592145149
613	0.8591836632
614	0.859150215
615	0.858809277
616	0.8584877462
617	0.8581861841
618	0.8581772311
619	0.8581619978
620	0.8578789389
621	0.8578609898
622	0.8575953864
623	0.8575821956
624	0.8573328858
625	0.8570932382
626	0.8569571507
627	0.8568298574
628	0.8567107113
629	0.8566947645
630	0.856475951
631	0.8563643539
632	0.8562499911
633	0.8560448627
634	0.8559467276
635	0.8558552895
636	0.8556624137
637	0.8554753104
638	0.8553803647
639	0.8553720895
640	0.8552908225
641	0.85528309
642	0.8552073498
643	0.8550372901
644	0.8549583033
645	0.8549510603
646	0.8549355336
647	0.8547707333
648	0.8547033059
649	0.8546970446
650	0.8546337759
651	0.8546210136
652	0.8544710755
653	0.8544120731
654	0.8543984688
655	0.8542577204
656	0.8542022701
657	0.8541894654
658	0.8541829278
659	0.8541633944
660	0.8541524878
661	0.8541049455
662	0.8540864818
663	0.8540635345
664	0.8540329059
665	0.8539954621
666	0.8539765136
667	0.8539319087
668	0.8538705403
669	0.8538443007
670	0.8537739916
671	0.8537396586
672	0.8537254905
673	0.8537060446
674	0.8536807133
675	0.8535544506
676	0.8535258611
677	0.8534143067
678	0.8533868204
679	0.8533286614
680	0.8532811651
681	0.8532341311
682	0.8532124795
683	0.8531150308
684	0.8530988825
685	0.8530941103
686	0.8530649256
687	0.8530280838
688	0.8511370187
689	0.8511003362
690	0.8510702443
691	0.8510335564
692	0.8510069447
693	0.8509214741
694	0.8508664702
695	0.8507984556
696	0.8506971997
697	0.8506495105
698	0.8506258223
699	0.8505898983
700	0.8505724832
701	0.8505477037
702	0.8505203746
703	0.8504679321
704	0.8504187248
705	0.8503725449
706	0.850328696
707	0.8501941474
708	0.8501533972
709	0.8501423381
710	0.8501040837
711	0.8499782636
712	0.8499422941
713	0.849932238
714	0.8499268058
715	0.8499170865
716	0.849882856
717	0.8497651087
718	0.8497333785
719	0.8497283498
720	0.8497177043
721	0.8496861391
722	0.8496652353
723	0.8496391075
724	0.8495318792
725	0.8495016355
726	0.8493977636
727	0.8493693606
728	0.8493634615
729	0.8492662234
730	0.8492398695
731	0.849215129
732	0.8492113222
733	0.8474274727
734	0.8473361902
735	0.8473128573
736	0.8473087016
737	0.8473020645
738	0.8472741141
739	0.8472268917
740	0.8471475687
741	0.8471241489
742	0.8471080291
743	0.8470890696
744	0.847046864
745	0.8470205119
746	0.8469365625
747	0.8469331774
748	0.8468375026
749	0.8468280125
750	0.8468165646
751	0.8467836077
752	0.8467782825
753	0.8467267825
754	0.8466921575
755	0.8466756711
756	0.8466715735
757	0.8466578402
758	0.8466338331
759	0.8465465602
760	0.8465112292
761	0.846476368
762	0.8463911558
763	0.8463763589
764	0.8463358404
765	0.8463194
766	0.8462432787
767	0.8461746944
768	0.8461521867
769	0.8461460547
770	0.8461051167
771	0.8460921561
772	0.8460873998
773	0.8460567466
774	0.8460384938
775	0.8459611145
776	0.8459508892
777	0.845918972
778	0.8459011729
779	0.8458399446
780	0.8458150889
781	0.8457955403
782	0.8457586944
783	0.8457350056
784	0.8457014394
785	0.8456758027
786	0.8456201937
787	0.8455914708
788	0.8455529142
789	0.8455367262
790	0.845476547
791	0.8454539833
792	0.8454065046
793	0.8453754276
794	0.8436718179
795	0.8436531603
796	0.8436176087
797	0.8436142635
798	0.8435780209
799	0.8435643799
800	0.8435506619
801	0.843535327
802	0.8435036582
803	0.8434624882
804	0.8434375427
805	0.8433592868
806	0.8433373728
807	0.8433343825
808	0.8433148181
809	0.8433017119
810	0.8432811329
811	0.8432690722
812	0.8432375876
813	0.8431882918
814	0.8431781701
815	0.8431665607
816	0.8431578544
817	0.8431364441
818	0.8430629587
819	0.8430439649
820	0.842975006
821	0.842957248
822	0.8429488534
823	0.8428841653
824	0.8428675285
825	0.8428067898
826	0.8427912022
827	0.842783632
828	0.8426970376
829	0.8426817344
830	0.8426660996
831	0.8426617749
832	0.8426438599
833	0.8410454078
834	0.8410314981
835	0.8409860795
836	0.8409285367
837	0.8408932869
838	0.8408865034
839	0.8408325215
840	0.8408193515
841	0.840810366
842	0.8407855789
843	0.8407747488
844	0.8407402446
845	0.8406845618
846	0.8406623847
847	0.8406443449
848	0.8405964775
849	0.8405919816
850	0.8405512437
851	0.8404531826
852	0.8403862836
853	0.8403820636
854	0.8403644913
855	0.840353329
856	0.8403496116
857	0.8403357653
858	0.840302376
859	0.8402934381
860	0.8402597655
861	0.8402303115
862	0.8402031642
863	0.8401944156
864	0.8401867653
865	0.8401359336
866	0.8401235219
867	0.840111925
868	0.8400952811
869	0.8400928136
870	0.8400462963
871	0.8400304151
872	0.8400239457
873	0.8400207485
874	0.8399923586
875	0.8399747055
876	0.8399582836
877	0.8399207546
878	0.8398991942
879	0.8398658303
880	0.8398322452
881	0.8398134267
882	0.8397893457
883	0.8397415518
884	0.839730619
885	0.8396858289
886	0.8396755984
887	0.8396643739
888	0.83965822
889	0.8396486255
890	0.8396066076
891	0.8395976182
892	0.8395768977
893	0.839549169
894	0.8395121352
895	0.8394885313
896	0.8394759194
897	0.8394355403
898	0.8394299177
899	0.8393952988
900	0.8393771363
901	0.8393686903
902	0.8393320269
903	0.8393275681
904	0.8393112236
905	0.8393030304
906	0.8392815314
907	0.8392722998
908	0.8392588023
909	0.8392565623
910	0.8392260964
911	0.8392185652
912	0.8391934559
913	0.8391828077
914	0.8391742654
915	0.8391329564
916	0.839118809
917	0.8391081278
918	0.8390515805
919	0.8390267403
920	0.8389940779
921	0.8389774423
922	0.8389586702
923	0.8389287126
924	0.8388775969
925	0.8388286775
926	0.8373248702
927	0.8373150538
928	0.8372863969
929	0.8372468782
930	0.8372244604
931	0.8372022575
932	0.837182687
933	0.8371654168
934	0.837144415
935	0.8371333877
936	0.8371032044
937	0.8370853567
938	0.8370787614
939	0.8370650498
940	0.8370550992
941	0.8370227246
942	0.8369821285
943	0.8369643747
944	0.8369535754
945	0.8369504946
946	0.8369348611
947	0.8369102681
948	0.8369034126
949	0.8368798271
950	0.8368771038
951	0.8368530761
952	0.8368265739
953	0.8368204413
954	0.8368019729
955	0.8367096874
956	0.8352940664
957	0.8352839806
958	0.8352564465
959	0.8351663164
960	0.8351471516
961	0.8351274143
962	0.8351005639
963	0.8350787168
964	0.8350647822
965	0.8350346489
966	0.8349648376
967	0.8336326413
968	0.8335361393
969	0.8335192982
970	0.8335106871
971	0.8334869614
972	0.8334773806
973	0.8334559417
974	0.8334199706
975	0.8333954022
976	0.8333644652
977	0.8333245134
978	0.833303204
979	0.8332706352
980	0.8332572998
981	0.8332394067
982	0.8331983685
983	0.8331842877
984	0.8331753445
985	0.8331686631
986	0.8331646812
987	0.833145221
988	0.8331212411
989	0.8330922893
990	0.8330542967
991	0.833043707
992	0.8330158424
993	0.8329984533
994	0.8329703077
995	0.8329471794
996	0.8329401476
997	0.8329223856
998	0.8329112927
999	0.832897295
